{
    "head": {
        "locale": "en-US",
        "catalog": "storefront-catalog-en",
        "is_master": true
    },
    "items": [
        {
            "shipping_weight_unit": "lb",
            "is_searchable": true,
            "is_available": true,
            "keywords": [
                "gift-card"
            ],
            "show_in_listing": true,
            "extended_attributes": [
                { 
                    "name": "pricebooks",
                    "value": "egc-25,egc-30,egc-50,egc-75,egc-100,egc-150,egc-200,egc-250,egc-300,egc-350,egc-400,egc-450,egc-500"
                },
                {
                    "name": "handle",
                    "value": "newstore-gift-card"
                },
                {
                    "name": "published_scope",
                    "value": "global"
                },
                {
                    "name": "fulfillment_service",
                    "value": "manual"
                },
                {
                    "name": "inventory_policy",
                    "value": "deny"
                },
                {
                    "name": "IsServiceItem",
                    "value": "true"
                }
            ],
            "title": "Shinola Electronic Gift Card",
            "shipping_weight_value": 0.00,
            "tax_class_id": "PG050000",
            "categories": [
                {
                    "path": "All"
                },
                {
                    "path": "All > Gift Card",
                    "is_main": true
                }
            ],
            "shipping_dimension_height": 0.00,
            "description": "Electronic Gift cards are considered final sale and cannot be returned, exchanged or refunded.",
            "brand": "",
            "material": "",
            "shipping_dimension_length": 0.00,
            "variation_color_value": "",
            "google_category": "none",
            "shipping_dimension_width": 0.00,
            "manufacturer": null,
            "shipping_dimension_unit": "cm",
            "product_id": "GIFT-CARD",
            "variant_group_id": "GIFT-CARD",
            "external_identifiers": [
                {
                    "type": "sku",
                    "value": "GIFT-CARD"
                }
            ],
            "caption": "Electronic Gift Card",
            "variation_additional_1_value": "Custom",
            "variation_additional_1_name": "fit",
            "variation_size_value": "Custom"
        }
    ]
}