{
    "head": {
        "locale": "en-US",
        "shop": "storefront-catalog-en",
        "is_master": true,
        "searchable_attributes": [
            {
                "name": "sku",
                "path": "$.external_identifiers[?(@.type == 'sku')].value",
                "weight": 1
            },
            {
                "name": "product_id",
                "path": "$.product_id",
                "weight": 2
            }
        ]
    },
    "items": [
        {
            "brand": "Faherty",
            "is_searchable": true,
            "is_published": true,
            "show_in_listing": true,
            "product_id": "PGC",
            "variant_group_id": "790040182904",
            "external_identifiers": [
                {
                    "type": "sku",
                    "value": "PGC"
                }
            ],
            "title": "Faherty Physical Gift Card",
            "caption": "Faherty Physical Gift Card",
            "description": "Physical gift card for store purchases",
			"tax_class_id": "",
            "shipping_weight_unit": "lb",
            "shipping_weight_value": 0,
            "shipping_dimension_length": 0.0,
            "shipping_dimension_width": 0.0,
            "shipping_dimension_height": 0.0,
            "shipping_dimension_unit": "cm",
            "images": [
                {
                    "url": "https://res.cloudinary.com/db0zftggw/image/upload/q_auto:best,f_auto,h_200/v1631554666/p/faherty/6e92aa66747d37bb56c232af5eba9c9c.png",
                    "is_main": true,
                    "alt_text": ""
                }
            ],
            "variation_color_value": "Green",
            "variation_size_value": "regular",
            "material": "Plastic",
            "google_category": "none",
            "categories": [
                {
                    "path": "Gift Cards",
                    "is_main": true
                }
            ],
            "extended_attributes": [
                {
                    "name": "pricebooks",
                    "value": "GC-25,GC-50,GC-75,GC-100,GC-125,GC-150,GC-175,GC-200,GC-250,GC-300,GC-350,GC-400,GC-450,GC-500"
                },
                {
                    "name": "product_created_at",
                    "value": "2019-11-28T14:37:35-04:00"
                },
                {
                    "name": "variant_created_at",
                    "value": "2019-11-28T14:37:35-04:00"
                },
                {
                    "name": "product_updated_at",
                    "value": "2023-07-24T08:05:04-05:00"
                },
                {
                    "name": "variant_updated_at",
                    "value": "2023-07-24T08:05:04-05:00"
                },
                {
                    "name": "handle",
                    "value": "pricebooks"
                },
                {
                    "name": "product_published_at",
                    "value": "2019-11-28T14:35:49-04:00"
                },
                {
                    "name": "product_published_scope",
                    "value": "global"
                },
                {
                    "name": "fulfillment_service",
                    "value": "manual"
                },
                {
                    "name": "inventory_policy",
                    "value": "deny"
                }
            ]
        }
    ]
}