{
  "name": "clutch_gift_card",
  "stages": {
    "local": {
      "url_api": "${tenant}.l.newstore.net",
      "s3_bucket": "${tenant}-l-0-newstore-dmz",
      "endpoint": "http://mock.dmz.newstore.io:8500/clutch/merchant",
      "brand": "NEWSTORE",
      "location": "NEWSTORE001",
      "terminal": "NEWSTORE001w",
      "card_set_id":"NEWSTORETEST",
      "tenant":"dodici",
      "clutch_credentials": {},
      "newstore_credentials": {
        "ns_user": "",
        "ns_pass": "",
        "ns_api_host": ""
      }
    },
    "staging": {
      "url_api": "${tenant}.s.newstore.net",
      "s3_bucket": "${tenant}-s-0-newstore-dmz",
      "endpoint": "https://api-test.profitpointinc.com:9002/merchant",
      "brand": "NEWSTORE",
      "location": "NEWSTORE001",
      "terminal": "NEWSTORE001w",
      "card_set_id":"NEWSTORETEST",
      "tenant":"dodici",
      "clutch_credentials": {},
      "newstore_credentials": {
        "ns_user": "",
        "ns_pass": "",
        "ns_api_host": ""
      }
    },
    "demo": {
      "url_api": "${tenant}.d.newstore.net",
      "s3_bucket": "${tenant}-d-0-newstore-dmz",
      "endpoint": "http://mock.dmz.newstore.io:8500/clutch/merchant",
      "brand": "NEWSTORE",
      "location": "NEWSTORE001",
      "terminal": "NEWSTORE001w",
      "card_set_id":"NEWSTORETEST",
      "tenant":"dodici",
      "clutch_credentials": {},
      "newstore_credentials": {
        "ns_user": "",
        "ns_pass": "",
        "ns_api_host": ""
      }
    },
    "dev": {
      "url_api": "${tenant}.d.newstore.net",
      "s3_bucket": "${tenant}-d-0-newstore-dmz",
      "endpoint": "http://mock.dmz.newstore.io:8500/clutch/merchant",
      "brand": "NEWSTORE",
      "location": "NEWSTORE001",
      "terminal": "NEWSTORE001w",
      "card_set_id":"NEWSTORETEST",
      "tenant":"dodici",
      "clutch_credentials": {},
      "newstore_credentials": {
        "ns_user": "",
        "ns_pass": "",
        "ns_api_host": ""
      }
    },
    "sandbox": {
      "url_api": "${tenant}.x.newstore.net",
      "s3_bucket": "${tenant}-x-0-newstore-dmz",
      "endpoint": "http://mock.dmz.newstore.io:8500/clutch/merchant",
      "brand": "NEWSTORE",
      "location": "NEWSTORE001",
      "terminal": "NEWSTORE001w",
      "card_set_id":"NEWSTORETEST",
      "tenant":"dodici",
      "clutch_credentials": {},
      "newstore_credentials": {
        "ns_user": "",
        "ns_pass": "",
        "ns_api_host": ""
      }
    },
    "production": {
      "url_api": "${tenant}.p.newstore.net",
      "s3_bucket": "${tenant}-p-0-newstore-dmz",
      "brand": "NEWSTORE",
      "location": "NEWSTORE001",
      "terminal": "NEWSTORE001w",
      "card_set_id":"NEWSTORETEST",
      "tenant":"dodici",
      "clutch_credentials": {},
      "newstore_credentials": {
        "ns_user": "",
        "ns_pass": "",
        "ns_api_host": ""
      }
    }
  }
}
