{
    "head": {
        "locale": "en-US",
        "shop": "storefront-catalog-en",
        "is_master": true,
        "searchable_attributes": [
            {
                "name": "sku",
                "path": "$.external_identifiers[?(@.type == 'sku')].value",
                "weight": 1
            },
            {
                "name": "product_id",
                "path": "$.product_id",
                "weight": 2
            }
        ]
    },
    "items": [
        {
            "brand": "Faherty",
            "is_searchable": false,
            "is_published": false,
            "show_in_listing": false,
            "product_id": "MBS2310-ICE-XL",
            "variant_group_id": "6778544488517",
            "external_identifiers": [
                {
					"type": "sku",
					"value": "MBS2310-ICE-XL"
				},
				{
					"type": "shopify_inventory_item_id",
					"value": "42270988369989"
				},
				{
					"type": "upc",
					"value": "194622979711"
				},
				{
					"type": "isbn",
					"value": "194622979711"
				},
				{
					"type": "ean13",
					"value": "194622979711"
				}
            ],
            "title": "All Day™ Jogger - Ice Grey",
            "caption": "All Day™ Jogger - Ice Grey",
            "description": "All Day Jogger",
            "shipping_weight_unit": "lb",
            "shipping_weight_value": 1,
            "shipping_dimension_length": 0.0,
            "shipping_dimension_width": 0.0,
            "shipping_dimension_height": 0.0,
            "shipping_dimension_unit": "cm",
            "images": [
                {
                    "url": "https://res.cloudinary.com/db0zftggw/image/upload/q_auto:best,f_auto,h_200/v1631554666/p/faherty/6e92aa66747d37bb56c232af5eba9c9c.png",
                    "is_main": true,
                    "alt_text": ""
                },
				{
                    "url": "https://res.cloudinary.com/db0zftggw/image/upload/v1674289168/p/faherty/d2f7b52114704166bef1a1423a16a386.jpg",
                    "is_main": false,
                    "alt_text": ""
                },
				{
                    "url": "https://res.cloudinary.com/db0zftggw/image/upload/v1674289168/p/faherty/18e4148754e679399df891a6fb870cad.jpg",
                    "is_main": false,
                    "alt_text": ""
                },
				{
                    "url": "https://res.cloudinary.com/db0zftggw/image/upload/v1674289168/p/faherty/8fdb34efab00233f14e58bdbf8ca1306.jpg",
                    "is_main": false,
                    "alt_text": ""
                },
				{
                    "url": "https://res.cloudinary.com/db0zftggw/image/upload/v1674289168/p/faherty/272bd271275da35668e4074799405121.jpg",
                    "is_main": false,
                    "alt_text": ""
                }
            ],
            "variation_color_value": "Ice Grey",
            "variation_size_value": "XL",
            "material": "Plastic",
            "google_category": "none",
            "categories": [
        {
            "is_main": false,
            "path": "All",
            "path_separator": " > "
        },
        {
            "is_main": true,
            "path": "All > Men's",
            "path_separator": " > "
        },
        {
            "is_main": false,
            "path": "All > All",
            "path_separator": " > "
        },
        {
            "is_main": false,
            "path": "All > Massachusetts Sales Tax - Men's Bottoms",
            "path_separator": " > "
        },
        {
            "is_main": false,
            "path": "All > New Jersey Tax - All Product Ex. Blankets",
            "path_separator": " > "
        },
        {
            "is_main": false,
            "path": "All > Faherty Brand Merchandise",
            "path_separator": " > "
        },
        {
            "is_main": false,
            "path": "All > Men",
            "path_separator": " > "
        },
        {
            "is_main": false,
            "path": "All > All products",
            "path_separator": " > "
        },
        {
            "is_main": false,
            "path": "All > Live Products - BFCM",
            "path_separator": " > "
        },
        {
            "is_main": false,
            "path": "All > All Men's Bottoms",
            "path_separator": " > "
        },
        {
            "is_main": false,
            "path": "All > All Products (exclude GC and 3rd Party)",
            "path_separator": " > "
        },
        {
            "is_main": false,
            "path": "All > All Day Collection",
            "path_separator": " > "
        },
        {
            "is_main": false,
            "path": "All > BFCM Men's",
            "path_separator": " > "
        }
    ],
            "extended_attributes": [
        {
            "name": "fulfillment_service",
            "value": "manual"
        },
        {
            "name": "inventory_item_id",
            "value": "42270988369989"
        },
        {
            "name": "inventory_management",
            "value": "shopify"
        },
        {
            "name": "inventory_policy",
            "value": "deny"
        },
        {
            "name": "product_created_at",
            "value": "2022-07-05T20:06:44-04:00"
        },
        {
            "name": "product_handle",
            "value": "all-day-jogger-ice-grey-1"
        },
        {
            "name": "product_published_scope",
            "value": "global"
        },
        {
            "name": "product_updated_at",
            "value": "2023-04-24T13:54:20-04:00"
        },
        {
            "name": "shopify_variant_id",
            "value": "40175381020741"
        },
        {
            "name": "tags",
            "value": "buy-it-now, gender:Men, men, no-hemster, S/23, season: Spring 2023, tc_update"
        },
        {
            "name": "variant_created_at",
            "value": "2022-07-05T20:06:44-04:00"
        },
        {
            "name": "variant_updated_at",
            "value": "2023-04-24T12:32:53-04:00"
        }
    ]
        }
		
    ]
}