{
  "head": {
    "shop": "storefront-catalog-en",
    "shop_display_name": "storefront-catalog-en (en-us)",
    "locale": "en-us",
    "is_master": true
  },
  "items": [
    {
      "product_id": "DONATION-50",
      "variant_group_id": "DONATION-50",
      "title": "Chill Donation",
      "caption": "Chill Donation",
      "description": "Chill Donation",
      "show_in_listing": true,
      "serialized_inventory": false,
      "online_to": "2028-11-10T00:00:00.000Z",
      "is_searchable": true,
      "images": [
        {
          "url": "https://res.cloudinary.com/burton/image/upload/v1591307688/p/burton/a4c8d35209a167556516dcf547f057a1.png",
          "internal_dimension_height": 0,
          "internal_dimension_width": 0,
          "internal_dominant_color": "",
          "is_main": true
        }
      ],
      "tax_class_id": "",
      "categories": [
                {
                    "position": 1,
                    "path": "All > Donations"
                },
                {
                    "path": "All",
                    "is_main": true
                }
      ],
      "material": "",
      "country_of_origin": "US",
      "product_hts_number": "",
      "shipping_weight_value": 0,
      "shipping_weight_unit": "lb",
      "shipping_dimension_length": 0,
      "shipping_dimension_width": 0,
      "shipping_dimension_height": 0,
      "shipping_dimension_unit": "in",
      "variation_color_value": "Chill",
      "variation_size_value": "0",
      "variation_size_gender": "unisex",
      "google_category": "none",
      "variation_size_type": "regular",
      "variation_size_system": "",
      "external_identifiers": [
        {
          "type": "sku",
          "value": "DONATION-50"
        },
        {
          "type": "ean13",
          "value": "DONATION-50"
        },
        {
          "type": "sfcc_product_id",
          "value": ""
        },
        {
          "type": "upc",
          "value": "889049975865"
        }
      ],
      "extended_attributes": [
        {
            "name": "product_type",
            "value": "Donation"
        },
        {
            "name": "is_non_inventoried",
            "value": "TRUE"
        },
        {
            "name": "created_at",
            "value": "2024-02-05T00:00:00-05:00"
        },
        {
            "name": "updated_at",
            "value": "2024-02-05T00:00:00-05:00"
        },
        {
            "name": "published_scope",
            "value": "store"
        },
        {
            "name": "season_code",
            "value": "NA"
        }
      ]
    },
    {
      "product_id": "DONATION-100",
      "variant_group_id": "DONATION-100",
      "title": "Chill Donation",
      "caption": "Chill Donation",
      "description": "Chill Donation",
      "show_in_listing": true,
      "serialized_inventory": false,
      "online_to": "2028-11-10T00:00:00.000Z",
      "is_searchable": true,
      "images": [
        {
          "url": "https://res.cloudinary.com/burton/image/upload/v1591307688/p/burton/a4c8d35209a167556516dcf547f057a1.png",
          "internal_dimension_height": 0,
          "internal_dimension_width": 0,
          "internal_dominant_color": "",
          "is_main": true
        }
      ],
      "tax_class_id": "",
      "categories": [
                {
                    "position": 1,
                    "path": "All > Donations"
                },
                {
                    "path": "All",
                    "is_main": true
                }
      ],
      "material": "",
      "country_of_origin": "US",
      "product_hts_number": "",
      "shipping_weight_value": 0,
      "shipping_weight_unit": "lb",
      "shipping_dimension_length": 0,
      "shipping_dimension_width": 0,
      "shipping_dimension_height": 0,
      "shipping_dimension_unit": "in",
      "variation_color_value": "Chill",
      "variation_size_value": "0",
      "variation_size_gender": "unisex",
      "google_category": "none",
      "variation_size_type": "regular",
      "variation_size_system": "",
      "external_identifiers": [
        {
          "type": "sku",
          "value": "DONATION-100"
        },
        {
          "type": "ean13",
          "value": "DONATION-100"
        },
        {
          "type": "sfcc_product_id",
          "value": ""
        },
        {
          "type": "upc",
          "value": "889049975841"
        }
      ],
      "extended_attributes": [
        {
            "name": "product_type",
            "value": "Donation"
        },
        {
            "name": "is_non_inventoried",
            "value": "TRUE"
        },
        {
            "name": "created_at",
            "value": "2024-02-05T00:00:00-05:00"
        },
        {
            "name": "updated_at",
            "value": "2024-02-05T00:00:00-05:00"
        },
        {
            "name": "published_scope",
            "value": "store"
        },
        {
            "name": "season_code",
            "value": "NA"
        }
      ]
    },
    {
      "product_id": "DONATION-20",
      "variant_group_id": "DONATION-20",
      "title": "Chill Donation",
      "caption": "Chill Donation",
      "description": "Chill Donation",
      "show_in_listing": true,
      "serialized_inventory": false,
      "online_to": "2028-11-10T00:00:00.000Z",
      "is_searchable": true,
      "images": [
        {
          "url": "https://res.cloudinary.com/burton/image/upload/v1591307688/p/burton/a4c8d35209a167556516dcf547f057a1.png",
          "internal_dimension_height": 0,
          "internal_dimension_width": 0,
          "internal_dominant_color": "",
          "is_main": true
        }
      ],
      "tax_class_id": "",
      "categories": [
                {
                    "position": 1,
                    "path": "All > Donations"
                },
                {
                    "path": "All",
                    "is_main": true
                }
      ],
      "material": "",
      "country_of_origin": "US",
      "product_hts_number": "",
      "shipping_weight_value": 0,
      "shipping_weight_unit": "lb",
      "shipping_dimension_length": 0,
      "shipping_dimension_width": 0,
      "shipping_dimension_height": 0,
      "shipping_dimension_unit": "in",
      "variation_color_value": "Chill",
      "variation_size_value": "0",
      "variation_size_gender": "unisex",
      "google_category": "none",
      "variation_size_type": "regular",
      "variation_size_system": "",
      "external_identifiers": [
        {
          "type": "sku",
          "value": "DONATION-20"
        },
        {
          "type": "ean13",
          "value": "DONATION-20"
        },
        {
          "type": "sfcc_product_id",
          "value": ""
        },
        {
          "type": "upc",
          "value": "193177157193"
        }
      ],
      "extended_attributes": [
        {
            "name": "product_type",
            "value": "Donation"
        },
        {
            "name": "is_non_inventoried",
            "value": "TRUE"
        },
        {
            "name": "created_at",
            "value": "2024-02-05T00:00:00-05:00"
        },
        {
            "name": "updated_at",
            "value": "2024-02-05T00:00:00-05:00"
        },
        {
            "name": "published_scope",
            "value": "store"
        },
        {
            "name": "season_code",
            "value": "NA"
        }
      ]
    },
    {
      "product_id": "DONATION-25",
      "variant_group_id": "DONATION-25",
      "title": "Chill Donation",
      "caption": "Chill Donation",
      "description": "Chill Donation",
      "show_in_listing": true,
      "serialized_inventory": false,
      "online_to": "2028-11-10T00:00:00.000Z",
      "is_searchable": true,
      "images": [
        {
          "url": "https://res.cloudinary.com/burton/image/upload/v1591307688/p/burton/a4c8d35209a167556516dcf547f057a1.png",
          "internal_dimension_height": 0,
          "internal_dimension_width": 0,
          "internal_dominant_color": "",
          "is_main": true
        }
      ],
      "tax_class_id": "",
      "categories": [
                {
                    "position": 1,
                    "path": "All > Donations"
                },
                {
                    "path": "All",
                    "is_main": true
                }
      ],
      "material": "",
      "country_of_origin": "US",
      "product_hts_number": "",
      "shipping_weight_value": 0,
      "shipping_weight_unit": "lb",
      "shipping_dimension_length": 0,
      "shipping_dimension_width": 0,
      "shipping_dimension_height": 0,
      "shipping_dimension_unit": "in",
      "variation_color_value": "Chill",
      "variation_size_value": "0",
      "variation_size_gender": "unisex",
      "google_category": "none",
      "variation_size_type": "regular",
      "variation_size_system": "",
      "external_identifiers": [
        {
          "type": "sku",
          "value": "DONATION-25"
        },
        {
          "type": "ean13",
          "value": "DONATION-25"
        },
        {
          "type": "sfcc_product_id",
          "value": ""
        },
        {
          "type": "upc",
          "value": "889049975858"
        }
      ],
      "extended_attributes": [
        {
            "name": "product_type",
            "value": "Donation"
        },
        {
            "name": "is_non_inventoried",
            "value": "TRUE"
        },
        {
            "name": "created_at",
            "value": "2024-02-05T00:00:00-05:00"
        },
        {
            "name": "updated_at",
            "value": "2024-02-05T00:00:00-05:00"
        },
        {
            "name": "published_scope",
            "value": "store"
        },
        {
            "name": "season_code",
            "value": "NA"
        }
      ]
    },
    {
      "product_id": "DONATION-1",
      "variant_group_id": "DONATION-1",
      "title": "Chill Donation",
      "caption": "Chill Donation",
      "description": "Chill Donation",
      "show_in_listing": true,
      "serialized_inventory": false,
      "online_to": "2028-11-10T00:00:00.000Z",
      "is_searchable": true,
      "images": [
        {
          "url": "https://res.cloudinary.com/burton/image/upload/v1591307688/p/burton/a4c8d35209a167556516dcf547f057a1.png",
          "internal_dimension_height": 0,
          "internal_dimension_width": 0,
          "internal_dominant_color": "",
          "is_main": true
        }
      ],
      "tax_class_id": "",
      "categories": [
                {
                    "position": 1,
                    "path": "All > Donations"
                },
                {
                    "path": "All",
                    "is_main": true
                }
      ],
      "material": "",
      "country_of_origin": "US",
      "product_hts_number": "",
      "shipping_weight_value": 0,
      "shipping_weight_unit": "lb",
      "shipping_dimension_length": 0,
      "shipping_dimension_width": 0,
      "shipping_dimension_height": 0,
      "shipping_dimension_unit": "in",
      "variation_color_value": "Chill",
      "variation_size_value": "0",
      "variation_size_gender": "unisex",
      "google_category": "none",
      "variation_size_type": "regular",
      "variation_size_system": "",
      "external_identifiers": [
        {
          "type": "sku",
          "value": "DONATION-1"
        },
        {
          "type": "ean13",
          "value": "DONATION-1"
        },
        {
          "type": "sfcc_product_id",
          "value": ""
        },
        {
          "type": "upc",
          "value": "889049975810"
        }
      ],
      "extended_attributes": [
        {
            "name": "product_type",
            "value": "Donation"
        },
        {
            "name": "is_non_inventoried",
            "value": "TRUE"
        },
        {
            "name": "created_at",
            "value": "2024-02-05T00:00:00-05:00"
        },
        {
            "name": "updated_at",
            "value": "2024-02-05T00:00:00-05:00"
        },
        {
            "name": "published_scope",
            "value": "store"
        },
        {
            "name": "season_code",
            "value": "NA"
        }
      ]
    },
    {
      "product_id": "DONATION-10",
      "variant_group_id": "DONATION-10",
      "title": "Chill Donation",
      "caption": "Chill Donation",
      "description": "Chill Donation",
      "show_in_listing": true,
      "serialized_inventory": false,
      "online_to": "2028-11-10T00:00:00.000Z",
      "is_searchable": true,
      "images": [
        {
          "url": "https://res.cloudinary.com/burton/image/upload/v1591307688/p/burton/a4c8d35209a167556516dcf547f057a1.png",
          "internal_dimension_height": 0,
          "internal_dimension_width": 0,
          "internal_dominant_color": "",
          "is_main": true
        }
      ],
      "tax_class_id": "",
      "categories": [
                {
                    "position": 1,
                    "path": "All > Donations"
                },
                {
                    "path": "All",
                    "is_main": true
                }
      ],
      "material": "",
      "country_of_origin": "US",
      "product_hts_number": "",
      "shipping_weight_value": 0,
      "shipping_weight_unit": "lb",
      "shipping_dimension_length": 0,
      "shipping_dimension_width": 0,
      "shipping_dimension_height": 0,
      "shipping_dimension_unit": "in",
      "variation_color_value": "Chill",
      "variation_size_value": "0",
      "variation_size_gender": "unisex",
      "google_category": "none",
      "variation_size_type": "regular",
      "variation_size_system": "",
      "external_identifiers": [
        {
          "type": "sku",
          "value": "DONATION-10"
        },
        {
          "type": "ean13",
          "value": "DONATION-10"
        },
        {
          "type": "sfcc_product_id",
          "value": ""
        },
        {
          "type": "upc",
          "value": "889049975834"
        }
      ],
      "extended_attributes": [
        {
            "name": "product_type",
            "value": "Donation"
        },
        {
            "name": "is_non_inventoried",
            "value": "TRUE"
        },
        {
            "name": "created_at",
            "value": "2024-02-05T00:00:00-05:00"
        },
        {
            "name": "updated_at",
            "value": "2024-02-05T00:00:00-05:00"
        },
        {
            "name": "published_scope",
            "value": "store"
        },
        {
            "name": "season_code",
            "value": "NA"
        }
      ]
    },
    {
      "product_id": "DONATION-5",
      "variant_group_id": "DONATION-5",
      "title": "Chill Donation",
      "caption": "Chill Donation",
      "description": "Chill Donation",
      "show_in_listing": true,
      "serialized_inventory": false,
      "online_to": "2028-11-10T00:00:00.000Z",
      "is_searchable": true,
      "images": [
        {
          "url": "https://res.cloudinary.com/burton/image/upload/v1591307688/p/burton/a4c8d35209a167556516dcf547f057a1.png",
          "internal_dimension_height": 0,
          "internal_dimension_width": 0,
          "internal_dominant_color": "",
          "is_main": true
        }
      ],
      "tax_class_id": "",
      "categories": [
                {
                    "position": 1,
                    "path": "All > Donations"
                },
                {
                    "path": "All",
                    "is_main": true
                }
      ],
      "material": "",
      "country_of_origin": "US",
      "product_hts_number": "",
      "shipping_weight_value": 0,
      "shipping_weight_unit": "lb",
      "shipping_dimension_length": 0,
      "shipping_dimension_width": 0,
      "shipping_dimension_height": 0,
      "shipping_dimension_unit": "in",
      "variation_color_value": "Chill",
      "variation_size_value": "0",
      "variation_size_gender": "unisex",
      "google_category": "none",
      "variation_size_type": "regular",
      "variation_size_system": "",
      "external_identifiers": [
        {
          "type": "sku",
          "value": "DONATION-5"
        },
        {
          "type": "ean13",
          "value": "DONATION-5"
        },
        {
          "type": "sfcc_product_id",
          "value": ""
        },
        {
          "type": "upc",
          "value": "889049975827"
        }
      ],
      "extended_attributes": [
        {
            "name": "product_type",
            "value": "Donation"
        },
        {
            "name": "is_non_inventoried",
            "value": "TRUE"
        },
        {
            "name": "created_at",
            "value": "2024-02-05T00:00:00-05:00"
        },
        {
            "name": "updated_at",
            "value": "2024-02-05T00:00:00-05:00"
        },
        {
            "name": "published_scope",
            "value": "store"
        },
        {
            "name": "season_code",
            "value": "NA"
        }
      ]
    }
  ]
}