{
  "head": {
    "shop": "storefront-catalog-eu",
    "shop_display_name": "storefront-catalog-eu (sv-se)",
    "locale": "sv-se",
    "is_master": false
  },
  "items": [
    {
      "product_id": "EGC",
      "variant_group_id": "GC-NEWSTORE",
      "title": "Electronic Gift Card",
      "caption": "Electronic Gift Card",
      "description": "Electronic Gift Card",
      "show_in_listing": true,
      "serialized_inventory": false,
      "online_to": "2028-11-10T00:00:00.000Z",
      "is_searchable": true,
      "images": [
        {
          "url": "https://burton-s-0-newstore-dmz.s3.amazonaws.com/burton-logo.png",
          "internal_dimension_height": 0,
          "internal_dimension_width": 0,
          "internal_dominant_color": "",
          "is_main": true
        }
      ],
      "tax_class_id": "",
      "categories": [
                {
                    "position": 1,
                    "path": "All > Giftcards"
                },
                {
                    "path": "All",
                    "is_main": true
                }
      ],
      "material": "",
      "country_of_origin": "US",
      "product_hts_number": "",
      "shipping_weight_value": 0,
      "shipping_weight_unit": "lb",
      "shipping_dimension_length": 0,
      "shipping_dimension_width": 0,
      "shipping_dimension_height": 0,
      "shipping_dimension_unit": "in",
      "variation_color_value": "Chill",
      "variation_size_value": "0",
      "variation_size_gender": "unisex",
      "google_category": "none",
      "variation_size_type": "regular",
      "variation_size_system": "",
      "external_identifiers": [
        {
          "type": "sku",
          "value": "EGC"
        },
        {
          "type": "ean13",
          "value": "EGC"
        },
        {
          "type": "sfcc_product_id",
          "value": ""
        },
        {
          "type": "upc",
          "value": "EGC"
        }
      ],
      "extended_attributes": [
        {
            "name": "product_type",
            "value": "gift card"
        },
        {
            "name": "is_non_inventoried",
            "value": "TRUE"
        },
        {
            "name": "created_at",
            "value": "2024-02-05T00:00:00-05:00"
        },
        {
            "name": "updated_at",
            "value": "2024-02-05T00:00:00-05:00"
        },
        {
            "name": "published_scope",
            "value": "store"
        },
        {
            "name": "season_code",
            "value": "NA"
        },
		{
			"name": "pricebooks",
			"value": "gc-sek-250,gc-sek-500,gc-sek-750,gc-sek-1000,gc-sek-1500,gc-sek-2000,gc-sek-3000,gc-sek-4000,gc-sek-5000"
		}
      ]
    },
	{
      "product_id": "PGC",
      "variant_group_id": "GC-NEWSTORE",
      "title": "Physical Gift Card",
      "caption": "Physical Gift Card",
      "description": "Physical Gift Card",
      "show_in_listing": true,
      "serialized_inventory": false,
      "online_to": "2028-11-10T00:00:00.000Z",
      "is_searchable": true,
      "images": [
        {
          "url": "https://burton-s-0-newstore-dmz.s3.amazonaws.com/burton-logo.png",
          "internal_dimension_height": 0,
          "internal_dimension_width": 0,
          "internal_dominant_color": "",
          "is_main": true
        }
      ],
      "tax_class_id": "",
      "categories": [
                {
                    "position": 1,
                    "path": "All > Giftcards"
                },
                {
                    "path": "All",
                    "is_main": true
                }
      ],
      "material": "",
      "country_of_origin": "US",
      "product_hts_number": "",
      "shipping_weight_value": 0,
      "shipping_weight_unit": "lb",
      "shipping_dimension_length": 0,
      "shipping_dimension_width": 0,
      "shipping_dimension_height": 0,
      "shipping_dimension_unit": "in",
      "variation_color_value": "Chill",
      "variation_size_value": "0",
      "variation_size_gender": "unisex",
      "google_category": "none",
      "variation_size_type": "regular",
      "variation_size_system": "",
      "external_identifiers": [
        {
          "type": "sku",
          "value": "PGC"
        },
        {
          "type": "ean13",
          "value": "PGC"
        },
        {
          "type": "sfcc_product_id",
          "value": ""
        },
        {
          "type": "upc",
          "value": "PGC"
        }
      ],
      "extended_attributes": [
        {
            "name": "product_type",
            "value": "gift card"
        },
        {
            "name": "is_non_inventoried",
            "value": "TRUE"
        },
        {
            "name": "created_at",
            "value": "2024-02-05T00:00:00-05:00"
        },
        {
            "name": "updated_at",
            "value": "2024-02-05T00:00:00-05:00"
        },
        {
            "name": "published_scope",
            "value": "store"
        },
        {
            "name": "season_code",
            "value": "NA"
        },
		{
			"name": "pricebooks",
			"value": "gc-sek-250,gc-sek-500,gc-sek-750,gc-sek-1000,gc-sek-1500,gc-sek-2000,gc-sek-3000,gc-sek-4000,gc-sek-5000"
		}
      ]
    }
  ]
}