{
	"head":{
		"locale":"en-US",
		"catalog":"storefront-catalog-en",
		"is_master":true
		},
		"items":[
			{
				"product_id":"MWU2329 -SFR",
				"keywords":[],
				"images":[
					{
						"url":"https://res.cloudinary.com/db0zftggw/image/upload/q_auto:best,f_auto,h_200/v1682346470/p/faherty/49899fa4e36c0342739b8133c494ffab.jpg",
						"title":"DONOTUSE",
						"is_main":true,
						"alt_text":"DONOTUSE",
						"dominant_color":"#E66163",
						"width":454,
						"height":278,
						"aspect_ratio":1.6330935
			}],
				"shipping_weight_unit":"lb",
				"is_searchable":false,
				"is_available":false, 
				"show_in_listing":false, 
				"extended_attributes":[],
				"title":"DONOTUSE", 
				"shipping_weight_value":0.00,
				"tax_class_id":"",
				"categories":[],
				"shipping_dimension_height":0.00,
				"description":"DONOTUSE",
				"brand":"",
				"material":"",
				"shipping_dimension_length":0.00,
				"variation_color_value":"",
				"online_from":"2020-01-01T00:00:00Z",
				"online_to":"2020-01-01T00:00:01Z",
				"shipping_dimension_width":0.00,
				"manufacturer":null,
				"shipping_dimension_unit":"cm",
				"external_identifiers":[
				{
					"type":"sku",
					"value":"DO_NOT_USE"
				}],
				"variant_group_id":"DO_NOT_USE",
				"caption":"DONOTUSE",
				"variation_additional_1_value":"Custom",
				"variation_additional_1_name":"fit",
				"variation_size_value":"Custom"
			},
			{
				"product_id":"MWU2329 -SFR-L",
				"keywords":[],
				"images":[
					{
						"url":"https://res.cloudinary.com/db0zftggw/image/upload/q_auto:best,f_auto,h_200/v1682346470/p/faherty/49899fa4e36c0342739b8133c494ffab.jpg",
						"title":"DONOTUSE",
						"is_main":true,
						"alt_text":"DONOTUSE",
						"dominant_color":"#E66163",
						"width":454,
						"height":278,
						"aspect_ratio":1.6330935
			}],
				"shipping_weight_unit":"lb",
				"is_searchable":false,
				"is_available":false, 
				"show_in_listing":false, 
				"extended_attributes":[],
				"title":"DONOTUSE", 
				"shipping_weight_value":0.00,
				"tax_class_id":"",
				"categories":[],
				"shipping_dimension_height":0.00,
				"description":"DONOTUSE",
				"brand":"",
				"material":"",
				"shipping_dimension_length":0.00,
				"variation_color_value":"",
				"online_from":"2020-01-01T00:00:00Z",
				"online_to":"2020-01-01T00:00:01Z",
				"shipping_dimension_width":0.00,
				"manufacturer":null,
				"shipping_dimension_unit":"cm",
				"external_identifiers":[
				{
					"type":"sku",
					"value":"DO_NOT_USE"
				}],
				"variant_group_id":"DO_NOT_USE",
				"caption":"DONOTUSE",
				"variation_additional_1_value":"Custom",
				"variation_additional_1_name":"fit",
				"variation_size_value":"Custom"
			},
			{
				"product_id":"MWU2329 -SFR-XL",
				"keywords":[],
				"images":[
					{
						"url":"https://res.cloudinary.com/db0zftggw/image/upload/q_auto:best,f_auto,h_200/v1682346470/p/faherty/49899fa4e36c0342739b8133c494ffab.jpg",
						"title":"DONOTUSE",
						"is_main":true,
						"alt_text":"DONOTUSE",
						"dominant_color":"#E66163",
						"width":454,
						"height":278,
						"aspect_ratio":1.6330935
			}],
				"shipping_weight_unit":"lb",
				"is_searchable":false,
				"is_available":false, 
				"show_in_listing":false, 
				"extended_attributes":[],
				"title":"DONOTUSE", 
				"shipping_weight_value":0.00,
				"tax_class_id":"",
				"categories":[],
				"shipping_dimension_height":0.00,
				"description":"DONOTUSE",
				"brand":"",
				"material":"",
				"shipping_dimension_length":0.00,
				"variation_color_value":"",
				"online_from":"2020-01-01T00:00:00Z",
				"online_to":"2020-01-01T00:00:01Z",
				"shipping_dimension_width":0.00,
				"manufacturer":null,
				"shipping_dimension_unit":"cm",
				"external_identifiers":[
				{
					"type":"sku",
					"value":"DO_NOT_USE"
				}],
				"variant_group_id":"DO_NOT_USE",
				"caption":"DONOTUSE",
				"variation_additional_1_value":"Custom",
				"variation_additional_1_name":"fit",
				"variation_size_value":"Custom"
			},
			{
				"product_id":"MWU2329 -SFR-M",
				"keywords":[],
				"images":[
					{
						"url":"https://res.cloudinary.com/db0zftggw/image/upload/q_auto:best,f_auto,h_200/v1682346470/p/faherty/49899fa4e36c0342739b8133c494ffab.jpg",
						"title":"DONOTUSE",
						"is_main":true,
						"alt_text":"DONOTUSE",
						"dominant_color":"#E66163",
						"width":454,
						"height":278,
						"aspect_ratio":1.6330935
			}],
				"shipping_weight_unit":"lb",
				"is_searchable":false,
				"is_available":false, 
				"show_in_listing":false, 
				"extended_attributes":[],
				"title":"DONOTUSE", 
				"shipping_weight_value":0.00,
				"tax_class_id":"",
				"categories":[],
				"shipping_dimension_height":0.00,
				"description":"DONOTUSE",
				"brand":"",
				"material":"",
				"shipping_dimension_length":0.00,
				"variation_color_value":"",
				"online_from":"2020-01-01T00:00:00Z",
				"online_to":"2020-01-01T00:00:01Z",
				"shipping_dimension_width":0.00,
				"manufacturer":null,
				"shipping_dimension_unit":"cm",
				"external_identifiers":[
				{
					"type":"sku",
					"value":"DO_NOT_USE"
				}],
				"variant_group_id":"DO_NOT_USE",
				"caption":"DONOTUSE",
				"variation_additional_1_value":"Custom",
				"variation_additional_1_name":"fit",
				"variation_size_value":"Custom"
			},
			{
				"product_id":"MWU2329 -SFR-S",
				"keywords":[],
				"images":[
					{
						"url":"https://res.cloudinary.com/db0zftggw/image/upload/q_auto:best,f_auto,h_200/v1682346470/p/faherty/49899fa4e36c0342739b8133c494ffab.jpg",
						"title":"DONOTUSE",
						"is_main":true,
						"alt_text":"DONOTUSE",
						"dominant_color":"#E66163",
						"width":454,
						"height":278,
						"aspect_ratio":1.6330935
			}],
				"shipping_weight_unit":"lb",
				"is_searchable":false,
				"is_available":false, 
				"show_in_listing":false, 
				"extended_attributes":[],
				"title":"DONOTUSE", 
				"shipping_weight_value":0.00,
				"tax_class_id":"",
				"categories":[],
				"shipping_dimension_height":0.00,
				"description":"DONOTUSE",
				"brand":"",
				"material":"",
				"shipping_dimension_length":0.00,
				"variation_color_value":"",
				"online_from":"2020-01-01T00:00:00Z",
				"online_to":"2020-01-01T00:00:01Z",
				"shipping_dimension_width":0.00,
				"manufacturer":null,
				"shipping_dimension_unit":"cm",
				"external_identifiers":[
				{
					"type":"sku",
					"value":"DO_NOT_USE"
				}],
				"variant_group_id":"DO_NOT_USE",
				"caption":"DONOTUSE",
				"variation_additional_1_value":"Custom",
				"variation_additional_1_name":"fit",
				"variation_size_value":"Custom"
			},
			{
				"product_id":"MWU2329 -SFR-XXL",
				"keywords":[],
				"images":[
					{
						"url":"https://res.cloudinary.com/db0zftggw/image/upload/q_auto:best,f_auto,h_200/v1682346470/p/faherty/49899fa4e36c0342739b8133c494ffab.jpg",
						"title":"DONOTUSE",
						"is_main":true,
						"alt_text":"DONOTUSE",
						"dominant_color":"#E66163",
						"width":454,
						"height":278,
						"aspect_ratio":1.6330935
			}],
				"shipping_weight_unit":"lb",
				"is_searchable":false,
				"is_available":false, 
				"show_in_listing":false, 
				"extended_attributes":[],
				"title":"DONOTUSE", 
				"shipping_weight_value":0.00,
				"tax_class_id":"",
				"categories":[],
				"shipping_dimension_height":0.00,
				"description":"DONOTUSE",
				"brand":"",
				"material":"",
				"shipping_dimension_length":0.00,
				"variation_color_value":"",
				"online_from":"2020-01-01T00:00:00Z",
				"online_to":"2020-01-01T00:00:01Z",
				"shipping_dimension_width":0.00,
				"manufacturer":null,
				"shipping_dimension_unit":"cm",
				"external_identifiers":[
				{
					"type":"sku",
					"value":"DO_NOT_USE"
				}],
				"variant_group_id":"DO_NOT_USE",
				"caption":"DONOTUSE",
				"variation_additional_1_value":"Custom",
				"variation_additional_1_name":"fit",
				"variation_size_value":"Custom"
			},
			{
				"product_id":"MWU2329 -SFR-XS",
				"keywords":[],
				"images":[
					{
						"url":"https://res.cloudinary.com/db0zftggw/image/upload/q_auto:best,f_auto,h_200/v1682346470/p/faherty/49899fa4e36c0342739b8133c494ffab.jpg",
						"title":"DONOTUSE",
						"is_main":true,
						"alt_text":"DONOTUSE",
						"dominant_color":"#E66163",
						"width":454,
						"height":278,
						"aspect_ratio":1.6330935
			}],
				"shipping_weight_unit":"lb",
				"is_searchable":false,
				"is_available":false, 
				"show_in_listing":false, 
				"extended_attributes":[],
				"title":"DONOTUSE", 
				"shipping_weight_value":0.00,
				"tax_class_id":"",
				"categories":[],
				"shipping_dimension_height":0.00,
				"description":"DONOTUSE",
				"brand":"",
				"material":"",
				"shipping_dimension_length":0.00,
				"variation_color_value":"",
				"online_from":"2020-01-01T00:00:00Z",
				"online_to":"2020-01-01T00:00:01Z",
				"shipping_dimension_width":0.00,
				"manufacturer":null,
				"shipping_dimension_unit":"cm",
				"external_identifiers":[
				{
					"type":"sku",
					"value":"DO_NOT_USE"
				}],
				"variant_group_id":"DO_NOT_USE",
				"caption":"DONOTUSE",
				"variation_additional_1_value":"Custom",
				"variation_additional_1_name":"fit",
				"variation_size_value":"Custom"
			},
			{
				"product_id":"WKS2336 -UNT",
				"keywords":[],
				"images":[
					{
						"url":"https://res.cloudinary.com/db0zftggw/image/upload/q_auto:best,f_auto,h_200/v1682346470/p/faherty/49899fa4e36c0342739b8133c494ffab.jpg",
						"title":"DONOTUSE",
						"is_main":true,
						"alt_text":"DONOTUSE",
						"dominant_color":"#E66163",
						"width":454,
						"height":278,
						"aspect_ratio":1.6330935
			}],
				"shipping_weight_unit":"lb",
				"is_searchable":false,
				"is_available":false, 
				"show_in_listing":false, 
				"extended_attributes":[],
				"title":"DONOTUSE", 
				"shipping_weight_value":0.00,
				"tax_class_id":"",
				"categories":[],
				"shipping_dimension_height":0.00,
				"description":"DONOTUSE",
				"brand":"",
				"material":"",
				"shipping_dimension_length":0.00,
				"variation_color_value":"",
				"online_from":"2020-01-01T00:00:00Z",
				"online_to":"2020-01-01T00:00:01Z",
				"shipping_dimension_width":0.00,
				"manufacturer":null,
				"shipping_dimension_unit":"cm",
				"external_identifiers":[
				{
					"type":"sku",
					"value":"DO_NOT_USE"
				}],
				"variant_group_id":"DO_NOT_USE",
				"caption":"DONOTUSE",
				"variation_additional_1_value":"Custom",
				"variation_additional_1_name":"fit",
				"variation_size_value":"Custom"
			},
			{
				"product_id":"WKS2336 -UNT-XS",
				"keywords":[],
				"images":[
					{
						"url":"https://res.cloudinary.com/db0zftggw/image/upload/q_auto:best,f_auto,h_200/v1682346470/p/faherty/49899fa4e36c0342739b8133c494ffab.jpg",
						"title":"DONOTUSE",
						"is_main":true,
						"alt_text":"DONOTUSE",
						"dominant_color":"#E66163",
						"width":454,
						"height":278,
						"aspect_ratio":1.6330935
			}],
				"shipping_weight_unit":"lb",
				"is_searchable":false,
				"is_available":false, 
				"show_in_listing":false, 
				"extended_attributes":[],
				"title":"DONOTUSE", 
				"shipping_weight_value":0.00,
				"tax_class_id":"",
				"categories":[],
				"shipping_dimension_height":0.00,
				"description":"DONOTUSE",
				"brand":"",
				"material":"",
				"shipping_dimension_length":0.00,
				"variation_color_value":"",
				"online_from":"2020-01-01T00:00:00Z",
				"online_to":"2020-01-01T00:00:01Z",
				"shipping_dimension_width":0.00,
				"manufacturer":null,
				"shipping_dimension_unit":"cm",
				"external_identifiers":[
				{
					"type":"sku",
					"value":"DO_NOT_USE"
				}],
				"variant_group_id":"DO_NOT_USE",
				"caption":"DONOTUSE",
				"variation_additional_1_value":"Custom",
				"variation_additional_1_name":"fit",
				"variation_size_value":"Custom"
			},
			{
				"product_id":"WKS2336 -UNT-S",
				"keywords":[],
				"images":[
					{
						"url":"https://res.cloudinary.com/db0zftggw/image/upload/q_auto:best,f_auto,h_200/v1682346470/p/faherty/49899fa4e36c0342739b8133c494ffab.jpg",
						"title":"DONOTUSE",
						"is_main":true,
						"alt_text":"DONOTUSE",
						"dominant_color":"#E66163",
						"width":454,
						"height":278,
						"aspect_ratio":1.6330935
			}],
				"shipping_weight_unit":"lb",
				"is_searchable":false,
				"is_available":false, 
				"show_in_listing":false, 
				"extended_attributes":[],
				"title":"DONOTUSE", 
				"shipping_weight_value":0.00,
				"tax_class_id":"",
				"categories":[],
				"shipping_dimension_height":0.00,
				"description":"DONOTUSE",
				"brand":"",
				"material":"",
				"shipping_dimension_length":0.00,
				"variation_color_value":"",
				"online_from":"2020-01-01T00:00:00Z",
				"online_to":"2020-01-01T00:00:01Z",
				"shipping_dimension_width":0.00,
				"manufacturer":null,
				"shipping_dimension_unit":"cm",
				"external_identifiers":[
				{
					"type":"sku",
					"value":"DO_NOT_USE"
				}],
				"variant_group_id":"DO_NOT_USE",
				"caption":"DONOTUSE",
				"variation_additional_1_value":"Custom",
				"variation_additional_1_name":"fit",
				"variation_size_value":"Custom"
			},
			{
				"product_id":"WKS2336 -UNT-XXS",
				"keywords":[],
				"images":[
					{
						"url":"https://res.cloudinary.com/db0zftggw/image/upload/q_auto:best,f_auto,h_200/v1682346470/p/faherty/49899fa4e36c0342739b8133c494ffab.jpg",
						"title":"DONOTUSE",
						"is_main":true,
						"alt_text":"DONOTUSE",
						"dominant_color":"#E66163",
						"width":454,
						"height":278,
						"aspect_ratio":1.6330935
			}],
				"shipping_weight_unit":"lb",
				"is_searchable":false,
				"is_available":false, 
				"show_in_listing":false, 
				"extended_attributes":[],
				"title":"DONOTUSE", 
				"shipping_weight_value":0.00,
				"tax_class_id":"",
				"categories":[],
				"shipping_dimension_height":0.00,
				"description":"DONOTUSE",
				"brand":"",
				"material":"",
				"shipping_dimension_length":0.00,
				"variation_color_value":"",
				"online_from":"2020-01-01T00:00:00Z",
				"online_to":"2020-01-01T00:00:01Z",
				"shipping_dimension_width":0.00,
				"manufacturer":null,
				"shipping_dimension_unit":"cm",
				"external_identifiers":[
				{
					"type":"sku",
					"value":"DO_NOT_USE"
				}],
				"variant_group_id":"DO_NOT_USE",
				"caption":"DONOTUSE",
				"variation_additional_1_value":"Custom",
				"variation_additional_1_name":"fit",
				"variation_size_value":"Custom"
			},
			{
				"product_id":"WKS2336 -UNT-XL",
				"keywords":[],
				"images":[
					{
						"url":"https://res.cloudinary.com/db0zftggw/image/upload/q_auto:best,f_auto,h_200/v1682346470/p/faherty/49899fa4e36c0342739b8133c494ffab.jpg",
						"title":"DONOTUSE",
						"is_main":true,
						"alt_text":"DONOTUSE",
						"dominant_color":"#E66163",
						"width":454,
						"height":278,
						"aspect_ratio":1.6330935
			}],
				"shipping_weight_unit":"lb",
				"is_searchable":false,
				"is_available":false, 
				"show_in_listing":false, 
				"extended_attributes":[],
				"title":"DONOTUSE", 
				"shipping_weight_value":0.00,
				"tax_class_id":"",
				"categories":[],
				"shipping_dimension_height":0.00,
				"description":"DONOTUSE",
				"brand":"",
				"material":"",
				"shipping_dimension_length":0.00,
				"variation_color_value":"",
				"online_from":"2020-01-01T00:00:00Z",
				"online_to":"2020-01-01T00:00:01Z",
				"shipping_dimension_width":0.00,
				"manufacturer":null,
				"shipping_dimension_unit":"cm",
				"external_identifiers":[
				{
					"type":"sku",
					"value":"DO_NOT_USE"
				}],
				"variant_group_id":"DO_NOT_USE",
				"caption":"DONOTUSE",
				"variation_additional_1_value":"Custom",
				"variation_additional_1_name":"fit",
				"variation_size_value":"Custom"
			},
			{
				"product_id":"WKS2336 -UNT-L",
				"keywords":[],
				"images":[
					{
						"url":"https://res.cloudinary.com/db0zftggw/image/upload/q_auto:best,f_auto,h_200/v1682346470/p/faherty/49899fa4e36c0342739b8133c494ffab.jpg",
						"title":"DONOTUSE",
						"is_main":true,
						"alt_text":"DONOTUSE",
						"dominant_color":"#E66163",
						"width":454,
						"height":278,
						"aspect_ratio":1.6330935
			}],
				"shipping_weight_unit":"lb",
				"is_searchable":false,
				"is_available":false, 
				"show_in_listing":false, 
				"extended_attributes":[],
				"title":"DONOTUSE", 
				"shipping_weight_value":0.00,
				"tax_class_id":"",
				"categories":[],
				"shipping_dimension_height":0.00,
				"description":"DONOTUSE",
				"brand":"",
				"material":"",
				"shipping_dimension_length":0.00,
				"variation_color_value":"",
				"online_from":"2020-01-01T00:00:00Z",
				"online_to":"2020-01-01T00:00:01Z",
				"shipping_dimension_width":0.00,
				"manufacturer":null,
				"shipping_dimension_unit":"cm",
				"external_identifiers":[
				{
					"type":"sku",
					"value":"DO_NOT_USE"
				}],
				"variant_group_id":"DO_NOT_USE",
				"caption":"DONOTUSE",
				"variation_additional_1_value":"Custom",
				"variation_additional_1_name":"fit",
				"variation_size_value":"Custom"
			},
			{
				"product_id":"WKS2336 -UNT-M",
				"keywords":[],
				"images":[
					{
						"url":"https://res.cloudinary.com/db0zftggw/image/upload/q_auto:best,f_auto,h_200/v1682346470/p/faherty/49899fa4e36c0342739b8133c494ffab.jpg",
						"title":"DONOTUSE",
						"is_main":true,
						"alt_text":"DONOTUSE",
						"dominant_color":"#E66163",
						"width":454,
						"height":278,
						"aspect_ratio":1.6330935
			}],
				"shipping_weight_unit":"lb",
				"is_searchable":false,
				"is_available":false, 
				"show_in_listing":false, 
				"extended_attributes":[],
				"title":"DONOTUSE", 
				"shipping_weight_value":0.00,
				"tax_class_id":"",
				"categories":[],
				"shipping_dimension_height":0.00,
				"description":"DONOTUSE",
				"brand":"",
				"material":"",
				"shipping_dimension_length":0.00,
				"variation_color_value":"",
				"online_from":"2020-01-01T00:00:00Z",
				"online_to":"2020-01-01T00:00:01Z",
				"shipping_dimension_width":0.00,
				"manufacturer":null,
				"shipping_dimension_unit":"cm",
				"external_identifiers":[
				{
					"type":"sku",
					"value":"DO_NOT_USE"
				}],
				"variant_group_id":"DO_NOT_USE",
				"caption":"DONOTUSE",
				"variation_additional_1_value":"Custom",
				"variation_additional_1_name":"fit",
				"variation_size_value":"Custom"
			},
			{
				"product_id":"WKS2336 -UNT-XXL",
				"keywords":[],
				"images":[
					{
						"url":"https://res.cloudinary.com/db0zftggw/image/upload/q_auto:best,f_auto,h_200/v1682346470/p/faherty/49899fa4e36c0342739b8133c494ffab.jpg",
						"title":"DONOTUSE",
						"is_main":true,
						"alt_text":"DONOTUSE",
						"dominant_color":"#E66163",
						"width":454,
						"height":278,
						"aspect_ratio":1.6330935
			}],
				"shipping_weight_unit":"lb",
				"is_searchable":false,
				"is_available":false, 
				"show_in_listing":false, 
				"extended_attributes":[],
				"title":"DONOTUSE", 
				"shipping_weight_value":0.00,
				"tax_class_id":"",
				"categories":[],
				"shipping_dimension_height":0.00,
				"description":"DONOTUSE",
				"brand":"",
				"material":"",
				"shipping_dimension_length":0.00,
				"variation_color_value":"",
				"online_from":"2020-01-01T00:00:00Z",
				"online_to":"2020-01-01T00:00:01Z",
				"shipping_dimension_width":0.00,
				"manufacturer":null,
				"shipping_dimension_unit":"cm",
				"external_identifiers":[
				{
					"type":"sku",
					"value":"DO_NOT_USE"
				}],
				"variant_group_id":"DO_NOT_USE",
				"caption":"DONOTUSE",
				"variation_additional_1_value":"Custom",
				"variation_additional_1_name":"fit",
				"variation_size_value":"Custom"
			},
			{
				"product_id":"WAU2202-NAT",
				"keywords":[],
				"images":[
					{
						"url":"https://res.cloudinary.com/db0zftggw/image/upload/q_auto:best,f_auto,h_200/v1682346470/p/faherty/49899fa4e36c0342739b8133c494ffab.jpg",
						"title":"DONOTUSE",
						"is_main":true,
						"alt_text":"DONOTUSE",
						"dominant_color":"#E66163",
						"width":454,
						"height":278,
						"aspect_ratio":1.6330935
			}],
				"shipping_weight_unit":"lb",
				"is_searchable":false,
				"is_available":false, 
				"show_in_listing":false, 
				"extended_attributes":[],
				"title":"DONOTUSE", 
				"shipping_weight_value":0.00,
				"tax_class_id":"",
				"categories":[],
				"shipping_dimension_height":0.00,
				"description":"DONOTUSE",
				"brand":"",
				"material":"",
				"shipping_dimension_length":0.00,
				"variation_color_value":"",
				"online_from":"2020-01-01T00:00:00Z",
				"online_to":"2020-01-01T00:00:01Z",
				"shipping_dimension_width":0.00,
				"manufacturer":null,
				"shipping_dimension_unit":"cm",
				"external_identifiers":[
				{
					"type":"sku",
					"value":"DO_NOT_USE"
				}],
				"variant_group_id":"DO_NOT_USE",
				"caption":"DONOTUSE",
				"variation_additional_1_value":"Custom",
				"variation_additional_1_name":"fit",
				"variation_size_value":"Custom"
			},
			{
				"product_id":"MAU2206-NVY-OS",
				"keywords":[],
				"images":[
					{
						"url":"https://res.cloudinary.com/db0zftggw/image/upload/q_auto:best,f_auto,h_200/v1682346470/p/faherty/49899fa4e36c0342739b8133c494ffab.jpg",
						"title":"DONOTUSE",
						"is_main":true,
						"alt_text":"DONOTUSE",
						"dominant_color":"#E66163",
						"width":454,
						"height":278,
						"aspect_ratio":1.6330935
			}],
				"shipping_weight_unit":"lb",
				"is_searchable":false,
				"is_available":false, 
				"show_in_listing":false, 
				"extended_attributes":[],
				"title":"DONOTUSE", 
				"shipping_weight_value":0.00,
				"tax_class_id":"",
				"categories":[],
				"shipping_dimension_height":0.00,
				"description":"DONOTUSE",
				"brand":"",
				"material":"",
				"shipping_dimension_length":0.00,
				"variation_color_value":"",
				"online_from":"2020-01-01T00:00:00Z",
				"online_to":"2020-01-01T00:00:01Z",
				"shipping_dimension_width":0.00,
				"manufacturer":null,
				"shipping_dimension_unit":"cm",
				"external_identifiers":[
				{
					"type":"sku",
					"value":"DO_NOT_USE"
				}],
				"variant_group_id":"DO_NOT_USE",
				"caption":"DONOTUSE",
				"variation_additional_1_value":"Custom",
				"variation_additional_1_name":"fit",
				"variation_size_value":"Custom"
			},
			{
				"product_id":" MOF2356-NYM",
				"keywords":[],
				"images":[
					{
						"url":"https://res.cloudinary.com/db0zftggw/image/upload/q_auto:best,f_auto,h_200/v1682346470/p/faherty/49899fa4e36c0342739b8133c494ffab.jpg",
						"title":"DONOTUSE",
						"is_main":true,
						"alt_text":"DONOTUSE",
						"dominant_color":"#E66163",
						"width":454,
						"height":278,
						"aspect_ratio":1.6330935
			}],
				"shipping_weight_unit":"lb",
				"is_searchable":false,
				"is_available":false, 
				"show_in_listing":false, 
				"extended_attributes":[],
				"title":"DONOTUSE", 
				"shipping_weight_value":0.00,
				"tax_class_id":"",
				"categories":[],
				"shipping_dimension_height":0.00,
				"description":"DONOTUSE",
				"brand":"",
				"material":"",
				"shipping_dimension_length":0.00,
				"variation_color_value":"",
				"online_from":"2020-01-01T00:00:00Z",
				"online_to":"2020-01-01T00:00:01Z",
				"shipping_dimension_width":0.00,
				"manufacturer":null,
				"shipping_dimension_unit":"cm",
				"external_identifiers":[
				{
					"type":"sku",
					"value":"DO_NOT_USE"
				}],
				"variant_group_id":"DO_NOT_USE",
				"caption":"DONOTUSE",
				"variation_additional_1_value":"Custom",
				"variation_additional_1_name":"fit",
				"variation_size_value":"Custom"
			}
		]
}