{
    "head": {
        "shop": "storefront-catalog-ol",
        "shop_display_name": "Outlet Master CH",
        "locale": "en-CH",
        "is_master": true,
        "searchable_attributes": [
            {
                "name": "product_id",
                "path": "$.product_id",
                "weight": 10
            },
            {
                "name": "upc",
                "path": "$.external_identifiers[?(@.type == 'upc')].value",
                "weight": 5
            },
            {
                "name": "sku",
                "path": "$.external_identifiers[?(@.type == 'sku')].value",
                "weight": 1
            }
        ]
    },
    "items": [
        {
            "product_id": "DUMMYSKU01",
            "variant_group_id": "DUMMY_SKU",
            "title": "Dummy SKU",
            "caption": "Dummy SKU",
            "description": "Dummy SKU",
            "show_in_listing": true,
            "online_to": "2030-04-01T07:00:00Z",
            "images": [
                {
                    "url": "https://fossil.scene7.com/is/image/FossilPartners/FSEGC12_main?$sfcc_fos_medium$",
                    "is_main": true
                }
            ],
            "categories": [
                {
                    "path": "Non-Merch",
                    "is_main": true
                }
            ],
            "country_of_origin": "CH",
            "shipping_weight_value": 0.101,
            "shipping_weight_unit": "lb",
            "shipping_dimension_length": 1,
            "shipping_dimension_width": 1,
            "shipping_dimension_height": 1,
            "shipping_dimension_unit": "in",
            "variation_size_type": "regular",
            "variation_size_value": "10",
            "external_identifiers": [
                {
                    "type": "sku",
                    "value": "DUMMYSKU01"
                },
                {
                    "type": "upc",
                    "value": "DUMMYSKU01"
                }
            ],
            "extended_attributes": [
                {
                    "name": "non_merch",
                    "value": "Y"
                },
                {
                    "name": "is_dummy_sku",
                    "value": "Y"
                }
            ]
        },
        {
            "product_id": "DUMMYSKU02",
            "variant_group_id": "DUMMY_SKU",
            "title": "Dummy SKU",
            "caption": "Dummy SKU",
            "description": "Dummy SKU",
            "show_in_listing": true,
            "online_to": "2030-04-01T07:00:00Z",
            "images": [
                {
                    "url": "https://fossil.scene7.com/is/image/FossilPartners/FSEGC12_main?$sfcc_fos_medium$",
                    "is_main": true
                }
            ],
            "categories": [
                {
                    "path": "Non-Merch",
                    "is_main": true
                }
            ],
            "country_of_origin": "CH",
            "shipping_weight_value": 0.101,
            "shipping_weight_unit": "lb",
            "shipping_dimension_length": 1,
            "shipping_dimension_width": 1,
            "shipping_dimension_height": 1,
            "shipping_dimension_unit": "in",
            "variation_size_type": "regular",
            "variation_size_value": "20",
            "external_identifiers": [
                {
                    "type": "sku",
                    "value": "DUMMYSKU02"
                },
                {
                    "type": "upc",
                    "value": "DUMMYSKU02"
                }
            ],
            "extended_attributes": [
                {
                    "name": "non_merch",
                    "value": "Y"
                },
                {
                    "name": "is_dummy_sku",
                    "value": "Y"
                }
            ]
        },
        {
            "product_id": "DUMMYSKU03",
            "variant_group_id": "DUMMY_SKU",
            "title": "Dummy SKU",
            "caption": "Dummy SKU",
            "description": "Dummy SKU",
            "show_in_listing": true,
            "online_to": "2030-04-01T07:00:00Z",
            "images": [
                {
                    "url": "https://fossil.scene7.com/is/image/FossilPartners/FSEGC12_main?$sfcc_fos_medium$",
                    "is_main": true
                }
            ],
            "categories": [
                {
                    "path": "Non-Merch",
                    "is_main": true
                }
            ],
            "country_of_origin": "CH",
            "shipping_weight_value": 0.101,
            "shipping_weight_unit": "lb",
            "shipping_dimension_length": 1,
            "shipping_dimension_width": 1,
            "shipping_dimension_height": 1,
            "shipping_dimension_unit": "in",
            "variation_size_type": "regular",
            "variation_size_value": "50",
            "external_identifiers": [
                {
                    "type": "sku",
                    "value": "DUMMYSKU03"
                },
                {
                    "type": "upc",
                    "value": "DUMMYSKU03"
                }
            ],
            "extended_attributes": [
                {
                    "name": "non_merch",
                    "value": "Y"
                },
                {
                    "name": "is_dummy_sku",
                    "value": "Y"
                }
            ]
        },
        {
            "product_id": "DUMMYSKU04",
            "variant_group_id": "DUMMY_SKU",
            "title": "Dummy SKU",
            "caption": "Dummy SKU",
            "description": "Dummy SKU",
            "show_in_listing": true,
            "online_to": "2030-04-01T07:00:00Z",
            "images": [
                {
                    "url": "https://fossil.scene7.com/is/image/FossilPartners/FSEGC12_main?$sfcc_fos_medium$",
                    "is_main": true
                }
            ],
            "categories": [
                {
                    "path": "Non-Merch",
                    "is_main": true
                }
            ],
            "country_of_origin": "CH",
            "shipping_weight_value": 0.101,
            "shipping_weight_unit": "lb",
            "shipping_dimension_length": 1,
            "shipping_dimension_width": 1,
            "shipping_dimension_height": 1,
            "shipping_dimension_unit": "in",
            "variation_size_type": "regular",
            "variation_size_value": "100",
            "external_identifiers": [
                {
                    "type": "sku",
                    "value": "DUMMYSKU04"
                },
                {
                    "type": "upc",
                    "value": "DUMMYSKU04"
                }
            ],
            "extended_attributes": [
                {
                    "name": "non_merch",
                    "value": "Y"
                },
                {
                    "name": "is_dummy_sku",
                    "value": "Y"
                }
            ]
        },
        {
            "product_id": "DUMMYSKU05",
            "variant_group_id": "DUMMY_SKU",
            "title": "Dummy SKU",
            "caption": "Dummy SKU",
            "description": "Dummy SKU",
            "show_in_listing": true,
            "online_to": "2030-04-01T07:00:00Z",
            "images": [
                {
                    "url": "https://fossil.scene7.com/is/image/FossilPartners/FSEGC12_main?$sfcc_fos_medium$",
                    "is_main": true
                }
            ],
            "categories": [
                {
                    "path": "Non-Merch",
                    "is_main": true
                }
            ],
            "country_of_origin": "CH",
            "shipping_weight_value": 0.101,
            "shipping_weight_unit": "lb",
            "shipping_dimension_length": 1,
            "shipping_dimension_width": 1,
            "shipping_dimension_height": 1,
            "shipping_dimension_unit": "in",
            "variation_size_type": "regular",
            "variation_size_value": "250",
            "external_identifiers": [
                {
                    "type": "sku",
                    "value": "DUMMYSKU05"
                },
                {
                    "type": "upc",
                    "value": "DUMMYSKU05"
                }
            ],
            "extended_attributes": [
                {
                    "name": "non_merch",
                    "value": "Y"
                },
                {
                    "name": "is_dummy_sku",
                    "value": "Y"
                }
            ]
        },
        {
            "product_id": "DUMMYSKU06",
            "variant_group_id": "DUMMY_SKU",
            "title": "Dummy SKU",
            "caption": "Dummy SKU",
            "description": "Dummy SKU",
            "show_in_listing": true,
            "online_to": "2030-04-01T07:00:00Z",
            "images": [
                {
                    "url": "https://fossil.scene7.com/is/image/FossilPartners/FSEGC12_main?$sfcc_fos_medium$",
                    "is_main": true
                }
            ],
            "categories": [
                {
                    "path": "Non-Merch",
                    "is_main": true
                }
            ],
            "country_of_origin": "CH",
            "shipping_weight_value": 0.101,
            "shipping_weight_unit": "lb",
            "shipping_dimension_length": 1,
            "shipping_dimension_width": 1,
            "shipping_dimension_height": 1,
            "shipping_dimension_unit": "in",
            "variation_size_type": "regular",
            "variation_size_value": "500",
            "external_identifiers": [
                {
                    "type": "sku",
                    "value": "DUMMYSKU06"
                },
                {
                    "type": "upc",
                    "value": "DUMMYSKU06"
                }
            ],
            "extended_attributes": [
                {
                    "name": "non_merch",
                    "value": "Y"
                },
                {
                    "name": "is_dummy_sku",
                    "value": "Y"
                }
            ]
        },
        {
            "product_id": "DUMMYSKU07",
            "variant_group_id": "DUMMY_SKU",
            "title": "Dummy SKU",
            "caption": "Dummy SKU",
            "description": "Dummy SKU",
            "show_in_listing": true,
            "online_to": "2030-04-01T07:00:00Z",
            "images": [
                {
                    "url": "https://fossil.scene7.com/is/image/FossilPartners/FSEGC12_main?$sfcc_fos_medium$",
                    "is_main": true
                }
            ],
            "categories": [
                {
                    "path": "Non-Merch",
                    "is_main": true
                }
            ],
            "country_of_origin": "CH",
            "shipping_weight_value": 0.101,
            "shipping_weight_unit": "lb",
            "shipping_dimension_length": 1,
            "shipping_dimension_width": 1,
            "shipping_dimension_height": 1,
            "shipping_dimension_unit": "in",
            "variation_size_type": "regular",
            "variation_size_value": "1000",
            "external_identifiers": [
                {
                    "type": "sku",
                    "value": "DUMMYSKU07"
                },
                {
                    "type": "upc",
                    "value": "DUMMYSKU07"
                }
            ],
            "extended_attributes": [
                {
                    "name": "non_merch",
                    "value": "Y"
                },
                {
                    "name": "is_dummy_sku",
                    "value": "Y"
                }
            ]
        },
         {
            "product_id": "DUMMYSKU08",
            "variant_group_id": "DUMMY_SKU",
            "title": "Dummy SKU",
            "caption": "Dummy SKU",
            "description": "Dummy SKU",
            "show_in_listing": true,
            "online_to": "2030-04-01T07:00:00Z",
            "images": [
                {
                    "url": "https://fossil.scene7.com/is/image/FossilPartners/FSEGC12_main?$sfcc_fos_medium$",
                    "is_main": true
                }
            ],
            "categories": [
                {
                    "path": "Non-Merch",
                    "is_main": true
                }
            ],
            "country_of_origin": "CH",
            "shipping_weight_value": 0.101,
            "shipping_weight_unit": "lb",
            "shipping_dimension_length": 1,
            "shipping_dimension_width": 1,
            "shipping_dimension_height": 1,
            "shipping_dimension_unit": "in",
            "variation_size_type": "regular",
            "variation_size_value": "150",
            "external_identifiers": [
                {
                    "type": "sku",
                    "value": "DUMMYSKU08"
                },
                {
                    "type": "upc",
                    "value": "DUMMYSKU08"
                }
            ],
            "extended_attributes": [
                {
                    "name": "non_merch",
                    "value": "Y"
                },
                {
                    "name": "is_dummy_sku",
                    "value": "Y"
                }
            ]
        }
    ]
}