{
    "head": {
        "shop": "storefront-catalog-ol",
        "shop_display_name": "Outlet en-GB",
        "locale": "en-GB",
        "is_master": false,
        "searchable_attributes": [
            {
                "name": "product_id",
                "path": "$.product_id",
                "weight": 10
            },
            {
                "name": "upc",
                "path": "$.external_identifiers[?(@.type == 'upc')].value",
                "weight": 5
            },
            {
                "name": "sku",
                "path": "$.external_identifiers[?(@.type == 'sku')].value",
                "weight": 1
            }
        ]
    },
    "items": [
        {
            "product_id": "GIVEX_GIFTCARD_P",
            "variant_group_id": "GIFTCARD",
            "title": "Gift Card",
            "caption": "Gift Card",
            "description": "Gift Card",
            "show_in_listing": true,
            "online_to": "2030-04-24T07:00:00Z",
            "images": [
                {
                    "url": "https://fossil.scene7.com/is/image/FossilPartners/FSEGC_main?$sfcc_fos_medium$",
                    "is_main": true
                }
            ],
            "categories": [
                {
                    "path": "Gift Cards",
                    "is_main": true
                }
            ],
            "material": "Plastic",
            "country_of_origin": "CN",
            "product_hts_number": "6204.49.1000",
            "shipping_weight_value": 0.10,
            "shipping_weight_unit": "lb",
            "shipping_dimension_length": 1,
            "shipping_dimension_width": 1,
            "shipping_dimension_height": 1,
            "shipping_dimension_unit": "in",
            "variation_color_value": "Green",
          
            "variation_size_type": "regular",
            "variation_size_system": "US",
            "external_identifiers": [
                {
                    "type": "sku",
                    "value": "GIVEX_GIFTCARD_P"
                },
                {
                    "type": "upc",
                    "value": "GIVEX_GIFTCARD_P"
                }
            ],
            "extended_attributes": [
                {
                    "name": "pricebooks",
                    "value": "gc-gbp-25,gc-gbp-50,gc-gbp-75,gc-gbp-100,gc-gbp-200,gc-gbp-250,gc-gbp-1000"
                },
                {
                    "name": "is_gift_card",
                    "value": "Y"
                },
                {
                    "name": "final_sale",
                    "value": "true"
                }
            ]
        }
    ]
}