{
    "head": {
        "locale": "en-US",
        "shop": "storefront-catalog-en",
        "is_master": true,
        "searchable_attributes": [
            {
                "name": "sku",
                "path": "$.external_identifiers[?(@.type == 'sku')].value",
                "weight": 1
            },
            {
                "name": "product_id",
                "path": "$.product_id",
                "weight": 2
            }
        ]
    },
    "items": [
       {
            "brand": "Faherty",
            "is_searchable": false,
            "is_published": false,
            "show_in_listing": false,
            "product_id": "MBS2310-ICE-M",
            "variant_group_id": "6756702158892",
            "external_identifiers": [
                {
					"type": "sku",
					"value": "MBS2310-ICE-M"
				},
				{
					"type": "shopify_inventory_item_id",
					"value": "42043051868204"
				},
				{
					"type": "upc",
					"value": "194622245731"
				},
				{
					"type": "isbn",
					"value": "194622245731"
				},
				{
					"type": "ean13",
					"value": "194622245731"
				}
            ],
            "title": "All Day™ Jogger - Ice Grey",
            "caption": "All Day™ Jogger - Ice Grey",
            "description": "We took our bestselling All Day Shorts fabric and made them into a lightweight, functional jogger that's on point for comfort and style. For off-duty days, these are pants give you the ease and versatility you crave.\n\n\n\nFit: 31\" inseam. A slim, straight leg elasticated waist and hem. Sits below the natural waist.\n\nDetail: Elastic Drawcord Waistband two front slash pockets Hidden Zip Pocket at Wearer's Left Back Zip Fly\n\nMaterial: 75% Recycled Polyester, 17% Cotton, 8% Spandex\n\nModel: Quetzal is wearing size Medium\n\nCare: Close all zippers before wash. Turn inside out. Machine wash cold with like colors. Delicate cycle. Do not bleach. Tumble dry low. Remove promptly. Warm iron when needed.\nImported\nMBS2205-ICE\n\n",
            "shipping_weight_unit": "lb",
            "shipping_weight_value": 1,
            "shipping_dimension_length": 0.0,
            "shipping_dimension_width": 0.0,
            "shipping_dimension_height": 0.0,
            "shipping_dimension_unit": "cm",
            "images": [
                {
                    "url": "https://res.cloudinary.com/db0zftggw/image/upload/v1671244781/p/faherty-staging/63d1b73e075789edae8c150a180f9a3a.jpg",
                    "is_main": true,
                    "alt_text": ""
                },
				{
                    "url": "https://res.cloudinary.com/db0zftggw/image/upload/v1671244779/p/faherty-staging/b26e3e5ee52b0701672b670399c27c81.jpg",
                    "is_main": false,
                    "alt_text": ""
                },
				{
                    "url": "https://res.cloudinary.com/db0zftggw/image/upload/v1671244781/p/faherty-staging/fc8f3210ac724c6ce9908c40f38b9092.jpg",
                    "is_main": false,
                    "alt_text": ""
                },
				{
                    "url": "https://res.cloudinary.com/db0zftggw/image/upload/v1671244781/p/faherty-staging/8a6316b8c1c46d8ac497bfd1f73231ae.jpg",
                    "is_main": false,
                    "alt_text": ""
                },
				{
                    "url": "https://res.cloudinary.com/db0zftggw/image/upload/v1671244779/p/faherty-staging/b54f50059ed29edb4c4bd1ae83cd7143.jpg",
                    "is_main": false,
                    "alt_text": ""
                },
				{
                    "url": "https://res.cloudinary.com/db0zftggw/image/upload/v1671244779/p/faherty-staging/55004b0e2e51abd4041057e1ec414d4c.jpg",
                    "is_main": false,
                    "alt_text": ""
                },
				{
                    "url": "https://res.cloudinary.com/db0zftggw/image/upload/v1671244780/p/faherty-staging/0401fc9518f8e4955bdb07bdb09ac6f4.jpg",
                    "is_main": false,
                    "alt_text": ""
                }
            ],
            "variation_color_value": "Ice Grey",
            "variation_size_value": "M",
            "material": "",
            "google_category": "none",
            "categories": [
        {
            "is_main": false,
            "path": "All",
            "path_separator": " > "
        },
        {
            "is_main": true,
            "path": "All > Men's",
            "path_separator": " > "
        },
        {
            "is_main": false,
            "path": "All > All",
            "path_separator": " > "
        },
        {
            "is_main": false,
            "path": "All > Massachusetts Sales Tax - Men's Bottoms",
            "path_separator": " > "
        },
        {
            "is_main": false,
            "path": "All > New Jersey Tax - All Product Ex. Blankets",
            "path_separator": " > "
        },
        {
            "is_main": false,
            "path": "All > Faherty Brand Merchandise",
            "path_separator": " > "
        },
        {
            "is_main": false,
            "path": "All > Men",
            "path_separator": " > "
        },
        {
            "is_main": false,
            "path": "All > All products",
            "path_separator": " > "
        },
        {
            "is_main": false,
            "path": "All > Live Products - BFCM",
            "path_separator": " > "
        },
        {
            "is_main": false,
            "path": "All > All Men's Bottoms",
            "path_separator": " > "
        },
        {
            "is_main": false,
            "path": "All > All Products (exclude GC and 3rd Party)",
            "path_separator": " > "
        },
        {
            "is_main": false,
            "path": "All > All Day Collection",
            "path_separator": " > "
        },
        {
            "is_main": false,
            "path": "All > BFCM Men's",
            "path_separator": " > "
        }
    ],
            "extended_attributes": [
        {
            "name": "fulfillment_service",
            "value": "manual"
        },
        {
            "name": "inventory_item_id",
            "value": "42043051868204"
        },
        {
            "name": "inventory_management",
            "value": "shopify"
        },
        {
            "name": "inventory_policy",
            "value": "deny"
        },
        {
            "name": "product_created_at",
            "value": "2022-07-05T20:06:44-04:00"
        },
        {
            "name": "product_handle",
            "value": "all-day-jogger-ice-grey"
        },
        {
            "name": "product_published_scope",
            "value": "web"
        },
        {
            "name": "product_updated_at",
            "value": "2023-04-24T13:54:20-04:00"
        },
        {
            "name": "shopify_variant_id",
            "value": "39934665457708"
        },
        {
            "name": "tags",
            "value": "buy-it-now, gender:Men, men, S/23, tc_update"
        },
        {
            "name": "variant_created_at",
            "value": "2022-07-05T20:06:44-04:00"
        },
        {
            "name": "variant_updated_at",
            "value": "2023-04-24T12:32:53-04:00"
        }
    ]
        }
		
    ]
}