{
    "head": {
        "store_mapping": [
            {
                "fulfillment_node_id": "MVY10",
                "store_id": "MVY10"
            },
            {
                "fulfillment_node_id": "ACK1",
                "store_id": "ACK1"
            }
        ],
        "mode": "atp"
    },
    "items": [
        {
            "fulfillment_node_id": "ACK1",
            "product_id": "KKC0003-ACK-6",
            "quantity": 100
        },
        {
            "fulfillment_node_id": "MVY10",
            "product_id": "KKC0003-ACK-6",
            "quantity": 100
        }
    ]
}