{
  "head": {
      "store_mapping": [
        {
          "fulfillment_node_id": "LMV64",
          "store_id": "LMV64"
        },
		{
          "fulfillment_node_id": "GRB67",
          "store_id": "GRB67"
        },
		{
          "fulfillment_node_id": "FNT55",
          "store_id": "FNT55"
        }
      ],
      "mode": "atp"
  },
  "items": [
    {
      "fulfillment_node_id": "LMV64",
      "product_id": "MKF2040-ARB-XL",
      "quantity": 0
    },
	{
      "fulfillment_node_id": "GRB67",
      "product_id": "MKF2040-ARB-XL",
      "quantity": 0
    },
	{
      "fulfillment_node_id": "FNT55",
      "product_id": "MKF2040-ARB-XL",
      "quantity": 0
    }
  ]
}
